Rotational speed [rpm],,,,,,,,,,,,,,,,,,,,
n,310,,,,,,,,,,,,,,,,,,,
Radius [m],Axial Adduction a,Tangential Adduction a´,Chord[mm],Reynolds,Flow Angle \phi [°],Angle of Attach \alpha [°],Pitch Angle \beta [°],C_L,C_D,C_M,Axial Force [N],Tangential Force [N],Torque [Nm],,,,,,VELOCITY,POWER
0.1,0.105866732,0.33462133,129.822661,64889.37533,55.30801996,6.5,48.80801996,0.935168553,0.021897744,-0.048546264,7.461361324,9.982729435,0.998272943,,,,,,310,101.887
0.176,0.193967595,0.196542583,208.989416,121638.3342,39.53336775,6.275,33.25836775,0.914489555,0.017082601,-0.052302251,17.29556268,16.37298721,2.881645749,,,,,,320,102.086
0.25,0.244904239,0.12098399,231.318847,159811.7248,30.1562744,5.9,24.2562744,0.871996656,0.015849462,-0.053734426,24.58142129,19.05036841,4.762592102,,,,,,330,102.15
0.32,0.273929942,0.081392281,241.371328,195416.0415,24.34351882,5.175,19.16851882,0.793742843,0.01476689,-0.054698415,30.33398623,20.1908744,6.461079807,,,,,,340,102.519
0.385,0.290358502,0.058690962,234.604974,217721.5083,20.57712729,4.775,15.80212729,0.750489252,0.013997812,-0.054999818,35.25758273,20.59800204,7.930230784,,,,,,350,102.907
0.443,0.299168851,0.045293168,220.049263,228476.0651,18.07393765,4.65,13.42393765,0.736141758,0.013623234,-0.055115855,39.59547864,20.78438991,9.20748473,,,,,,360,103.015
0.492,0.302307981,0.036694253,200.152155,226878.4933,16.43369621,4.725,11.70869621,0.744697854,0.013730177,-0.055111004,43.21678342,20.6460511,10.15785714,,,,,,370,102.937
0.532,0.305374499,0.031333744,179.048815,217066.6692,15.26916816,4.9,10.36916816,0.762476026,0.014059439,-0.054999993,45.02667644,20.01937175,10.65030577,,,,,,380,103.485
0.561,0.310033263,0.028796367,147.248902,187075.6046,14.45484038,5.1,9.354840377,0.78214915,0.014747578,-0.0545,40.32481019,17.49593565,9.815219898,,,,,,390,103.202
0.579,0.30955565,0.026602916,82.265234,107451.5567,14.06158431,5.425,8.636584305,0.809687175,0.017179748,-0.052554275,24.3938896,10.27943738,5.951794245,,,,,,400,103.273
0.585,0.316522772,0.02318785,16.845916,22135.49799,13.83214913,6.975,6.857149128,0.890600199,0.04043132,-0.044079995,5.447732935,2.053375297,1.201224549,,,,,,410,103.711
,,,,,,,,,,,,,,,,,,,420,103.331
Rotational speed [rpm],,,,,,,,,,,,,,,,,,,430,103.321
n,320,,,,,,,,,,,,,,,,,,440,103.308
Radius [m],Axial Adduction a,Tangential Adduction a´,Chord[mm],Reynolds,Flow Angle \phi [°],Angle of Attach \alpha [°],Pitch Angle \beta [°],C_L,C_D,C_M,Axial Force [N],Tangential Force [N],Torque [Nm],,,,,,450,103.303
0.1,0.1105111,0.328106913,130.430976,65546.81647,54.44354962,6.5,47.94354962,0.937054001,0.021810527,-0.048613423,7.674752358,10.05165711,1.005165711,,,,,,460,103.119
0.176,0.197746246,0.186535938,202.796825,119479.8768,38.74658417,6.275,32.47158417,0.914624683,0.017175358,-0.052221939,17.25712693,15.9654572,2.809920467,,,,,,470,103.326
0.25,0.248627455,0.11469269,225.461646,158667.5101,29.38918391,5.8,23.58918391,0.861121314,0.015871744,-0.053753219,24.45835635,18.55038081,4.637595203,,,,,,480,103.307
0.32,0.274708627,0.076139293,234.491187,194115.0446,23.74760234,4.975,18.77260234,0.773293235,0.014446181,-0.0546,30.10119703,19.47614772,6.23236727,,,,,,490,103.027
0.385,0.290983479,0.054913175,224.059843,213129.8826,20.03533598,4.7,15.33533598,0.742179762,0.013928518,-0.054901585,35.0405121,19.87632575,7.652385413,,,,,,500,102.669
0.443,0.301466889,0.042552817,207.616365,221266.1305,17.53342242,4.675,12.85842242,0.739136457,0.013775292,-0.055015933,39.36120067,20.09067678,8.900169814,,,,,,510,102.372
0.492,0.307505175,0.035083977,189.348338,220568.1468,15.85722421,4.85,11.00722421,0.757564234,0.014016748,-0.055054388,42.95659745,20.22454145,9.950474391,,,,,,520,102.609
0.532,0.308953598,0.029845439,168.637288,210233.8351,14.76067834,5.025,9.735678336,0.775578488,0.014348637,-0.0549,44.79571627,19.57785741,10.41542014,,,,,,530,102.204
0.561,0.310032847,0.026821676,138.064385,180391.3664,14.04711955,5.1,8.947119552,0.781784278,0.014795576,-0.054399157,40.17520845,16.81006371,9.430445741,,,,,,540,101.988
0.579,0.310448661,0.024922101,77.102347,103599.7959,13.64334191,5.475,8.168341913,0.814266691,0.01741114,-0.052377561,24.30929878,9.916476319,5.741639789,,,,,,550,101.876
0.585,0.317698867,0.021588736,15.888307,21478.93162,13.41371251,7.025,6.388712507,0.892213437,0.0414504,-0.044072603,5.431635389,1.967519641,1.15099899,,,,,,560,101.783
,,,,,,,,,,,,,,,,,,,570,101.149
Rotational speed [rpm],,,,,,,,,,,,,,,,,,,580,101.276
n,330,,,,,,,,,,,,,,,,,,,
Radius [m],Axial Adduction a,Tangential Adduction a´,Chord[mm],Reynolds,Flow Angle \phi [°],Angle of Attach \alpha [°],Pitch Angle \beta [°],C_L,C_D,C_M,Axial Force [N],Tangential Force [N],Torque [Nm],,,,,,,
0.1,0.114387925,0.318012012,130.843422,66090.6012,53.6946408,6.45,47.2446408,0.931359603,0.021609186,-0.04876832,7.811024103,10.00305846,1.000305846,,,,,,,
0.176,0.203942808,0.181830257,200.257407,119592.8606,37.78402188,6.3,31.48402188,0.917403545,0.017223624,-0.052207536,17.42908698,15.92507594,2.802813365,,,,,,,
0.25,0.252556066,0.109376972,220.284669,157941.9532,28.63024257,5.725,22.90524257,0.851882509,0.015885058,-0.053753963,24.3680785,18.14806334,4.537015835,,,,,,,
0.32,0.278466688,0.072060997,225.59366,190883.7688,23.0755761,4.95,18.1255761,0.769234373,0.014521924,-0.0546,29.91927389,18.91047178,6.051350971,,,,,,,
0.385,0.292171158,0.05170979,214.407479,208979.0513,19.49911279,4.65,14.84911279,0.736536691,0.013893548,-0.054854388,34.85406838,19.2694014,7.41871954,,,,,,,
0.443,0.300610107,0.039555384,194.665882,212828.9912,17.0992835,4.675,12.4242835,0.738777493,0.013869836,-0.054900028,39.17735084,19.28270182,8.542236906,,,,,,,
0.492,0.306418738,0.032745031,178.015018,212944.9445,15.45611231,4.85,10.60611231,0.757205951,0.014076744,-0.054907366,42.82050647,19.49609335,9.592077928,,,,,,,
0.532,0.310227054,0.028082966,159.157932,203868.8692,14.33026996,5.05,9.280269957,0.777924459,0.014435999,-0.0548,44.6053524,18.9573062,10.0852869,,,,,,,
0.561,0.311247263,0.025257004,129.878774,174422.8387,13.63447029,5.15,8.484470293,0.786724836,0.014944124,-0.054278049,40.00736978,16.28153452,9.133940868,,,,,,,
0.579,0.311257237,0.023410876,72.643212,100344.6157,13.24855532,5.5,7.748555319,0.816304413,0.017582302,-0.052252277,24.22467157,9.581822697,5.547875341,,,,,,,
0.585,0.318641306,0.020087092,14.988014,20830.88079,13.02240843,7.075,5.947408429,0.893549973,0.042531553,-0.044060864,5.415568167,1.882349849,1.101174662,,,,,,,
,,,,,,,,,,,,,,,,,,,,
Rotational speed [rpm],,,,,,,,,,,,,,,,,,,,
n,340,,,,,,,,,,,,,,,,,,,
Radius [m],Axial Adduction a,Tangential Adduction a´,Chord[mm],Reynolds,Flow Angle \phi [°],Angle of Attach \alpha [°],Pitch Angle \beta [°],C_L,C_D,C_M,Axial Force [N],Tangential Force [N],Torque [Nm],,,,,,,
0.1,0.119409491,0.312699198,131.259379,66671.96576,52.82953306,6.475,46.35453306,0.935236688,0.021600222,-0.048774949,8.030087128,10.07654234,1.007654234,,,,,,,
0.176,0.2047256,0.170174285,196.133298,118566.3608,37.20502437,6.1,31.10502437,0.895705309,0.016846032,-0.052351624,17.22366607,15.34076581,2.699974782,,,,,,,
0.25,0.255813783,0.104001089,214.64662,156758.2376,27.9283365,5.625,22.3033365,0.842222525,0.015856241,-0.053763384,24.24773938,17.70150902,4.425377254,,,,,,,
0.32,0.281578911,0.068998961,217.881212,188516.7793,22.43562043,4.95,17.48562043,0.769106698,0.014611996,-0.054500007,29.80553982,18.57515085,5.944048272,,,,,,,
0.385,0.294079415,0.0488794,203.630256,203279.1197,18.9670646,4.675,14.2920646,0.739008129,0.014033459,-0.054799157,34.67452638,18.71603801,7.205674636,,,,,,,
0.443,0.304576845,0.037977156,185.893396,208483.4939,16.55913904,4.75,11.80913904,0.747097085,0.01404661,-0.054862173,38.99845148,18.96614726,8.402003235,,,,,,,
0.492,0.308409268,0.030844678,168.271918,206567.3508,15.00755746,4.875,10.13255746,0.75958485,0.014167716,-0.054804661,42.61052658,18.86616447,9.282152922,,,,,,,
0.532,0.310980714,0.026418825,149.642196,196824.4428,13.93247784,5.1,8.832477837,0.782888247,0.014587871,-0.0547,44.43705888,18.34817562,9.761229429,,,,,,,
0.561,0.312618104,0.023899043,122.686108,169252.1884,13.23927668,5.2,8.039276678,0.791699835,0.015088175,-0.054162959,39.83918295,15.8248156,8.877721552,,,,,,,
0.579,0.312471406,0.022079814,68.414601,97090.25357,12.86629681,5.55,7.316296811,0.821547139,0.017836998,-0.052070801,24.12646835,9.278759643,5.372401834,,,,,,,
0.585,0.319668105,0.018718426,14.164562,20225.77636,12.64987559,7.125,5.524875593,0.894714691,0.043629754,-0.044063972,5.397107282,1.801089365,1.053637278,,,,,,,
,,,,,,,,,,,,,,,,,,,,
Rotational speed [rpm],,,,,,,,,,,,,,,,,,,,
n,350,,,,,,,,,,,,,,,,,,,
Radius [m],Axial Adduction a,Tangential Adduction a´,Chord[mm],Reynolds,Flow Angle \phi [°],Angle of Attach \alpha [°],Pitch Angle \beta [°],C_L,C_D,C_M,Axial Force [N],Tangential Force [N],Torque [Nm],,,,,,,
0.1,0.124633288,0.310419872,132.932383,67957.07416,51.90977808,6.475,45.43477808,0.934585417,0.021439031,-0.048899866,8.282424211,10.23621672,1.023621672,,,,,,,
0.176,0.212638096,0.167736614,191.921713,117623.6025,36.19201161,6.275,29.91701161,0.914490101,0.017259947,-0.052153989,17.4633659,15.41088336,2.712315472,,,,,,,
0.25,0.259706216,0.099508063,209.820629,156086.9849,27.21947934,5.55,21.66947934,0.834079204,0.015823812,-0.053772341,24.16083321,17.34372267,4.335930667,,,,,,,
0.32,0.283315556,0.065031544,209.656161,185311.1547,21.88146087,4.875,17.00646087,0.760867997,0.014561174,-0.0545,29.61388817,17.97843671,5.753099747,,,,,,,
0.385,0.2965701,0.046408745,194.368176,198652.2283,18.44213495,4.7,13.74213495,0.740549546,0.014121152,-0.0547,34.50296015,18.22812589,7.017828467,,,,,,,
0.443,0.305780145,0.035846487,175.561176,201812.4593,16.11583207,4.8,11.31583207,0.751759658,0.01421332,-0.054784064,38.82703462,18.39669459,8.149735703,,,,,,,
0.492,0.310796535,0.029265763,157.923734,198859.4331,14.57045818,5,9.570458184,0.772622404,0.014489913,-0.0547,42.41329981,18.36245604,9.034328372,,,,,,,
0.532,0.312885476,0.025051704,141.717142,191299.24,13.53056405,5.15,8.380564046,0.787946222,0.01472183,-0.0546,44.24402321,17.85343544,9.498027654,,,,,,,
0.561,0.313968947,0.022566117,115.646752,163771.7474,12.8655225,5.25,7.615522495,0.796632103,0.015241677,-0.05402187,39.65616522,15.33136933,8.600898194,,,,,,,
0.579,0.313533031,0.020829542,64.53401,94028.43192,12.50652945,5.6,6.906529455,0.825322664,0.018064387,-0.051904624,24.02264037,8.977933113,5.198223273,,,,,,,
0.585,0.32022567,0.01743347,13.411475,19662.60078,12.30488016,7.15,5.154880165,0.893685504,0.044638044,-0.044234331,5.379254986,1.721281591,1.00694973,,,,,,,
,,,,,,,,,,,,,,,,,,,,
Rotational speed [rpm],,,,,,,,,,,,,,,,,,,,
n,360,,,,,,,,,,,,,,,,,,,
Radius [m],Axial Adduction a,Tangential Adduction a´,Chord[mm],Reynolds,Flow Angle \phi [°],Angle of Attach \alpha [°],Pitch Angle \beta [°],C_L,C_D,C_M,Axial Force [N],Tangential Force [N],Torque [Nm],,,,,,,
0.1,0.128473057,0.304070071,132.8822378,68362.88189,51.13647057,6.475,44.66147057,0.934942516,0.021397366,-0.048924979,8.432522034,10.26807213,1.026807213,,,,,,,
0.176,0.214191151,0.157574142,187.2182814,116134.3535,35.60949959,6.125,29.48449959,0.898433666,0.016999084,-0.052239257,17.28973536,14.8614649,2.615617823,,,,,,,
0.25,0.262551757,0.094912791,205.7228451,155862.8703,26.57608518,5.425,21.15108518,0.820530217,0.01564286,-0.053796281,24.04702136,16.95003988,4.23750997,,,,,,,
0.32,0.285432125,0.061776807,201.6432126,182066.5065,21.33092658,4.85,16.48092658,0.758032095,0.014600102,-0.054402685,29.4618534,17.51472482,5.604711942,,,,,,,
0.385,0.299228426,0.044230762,185.0049678,193516.1725,17.93458805,4.75,13.18458805,0.746667541,0.014321057,-0.0546,34.34200887,17.80150625,6.853579905,,,,,,,
0.443,0.306584398,0.033851384,166.3113613,195859.4366,15.70197858,4.825,10.87697858,0.754183988,0.014318636,-0.054699545,38.67447628,17.84843383,7.906856185,,,,,,,
0.492,0.312588848,0.027833046,150.4775555,194273.8439,14.1657979,5.025,9.1407979,0.775255199,0.014558969,-0.0546,42.24786008,17.91486504,8.8141136,,,,,,,
0.532,0.314565924,0.023704325,133.9545712,185453.0456,13.15358967,5.2,7.953589674,0.792922708,0.014866842,-0.054499157,44.05164844,17.32556724,9.217201773,,,,,,,
0.561,0.31506982,0.021340482,109.1440982,158569.8209,12.51463587,5.3,7.214635874,0.801590049,0.01539917,-0.053908288,39.48529723,14.8681694,8.341043036,,,,,,,
0.579,0.3139949,0.019639787,60.964328,91143.41669,12.17544369,5.625,6.550443695,0.827231113,0.018256896,-0.051754274,23.93149847,8.681600765,5.026646843,,,,,,,
0.585,0.320578357,0.016214067,12.6987615,19103.42375,11.98098765,7.175,4.805987654,0.8923134,0.045710859,-0.04445431,5.362015711,1.641615803,0.960345244,,,,,,,
,,,,,,,,,,,,,,,,,,,,
Rotational speed [rpm],,,,,,,,,,,,,,,,,,,,
n,370,,,,,,,,,,,,,,,,,,,
Radius [m],Axial Adduction a,Tangential Adduction a´,Chord[mm],Reynolds,Flow Angle \phi [°],Angle of Attach \alpha [°],Pitch Angle \beta [°],C_L,C_D,C_M,Axial Force [N],Tangential Force [N],Torque [Nm],,,,,,,
0.1,0.132056704,0.292071053,131.2792078,67861.02091,50.51147554,6.475,44.03647554,0.935066725,0.021448144,-0.048891128,8.49311038,10.09516778,1.009516778,,,,,,,
0.176,0.221615215,0.156188283,183.6229077,115554.251,34.64711777,6.3,28.34711777,0.917351328,0.017408727,-0.052037335,17.51331967,14.99691045,2.63945624,,,,,,,
0.25,0.26588324,0.090842809,200.325015,154554.0396,25.93502937,5.375,20.56002937,0.815075241,0.015668765,-0.053796278,23.94792452,16.59852072,4.149630181,,,,,,,
0.32,0.287238389,0.058694804,193.9033774,178793.4836,20.81151155,4.825,15.98651155,0.755137047,0.014632066,-0.054399494,29.31457293,17.05994343,5.459181898,,,,,,,
0.385,0.299748347,0.041628773,175.4733865,187727.944,17.50855061,4.75,12.75855061,0.746418109,0.014398052,-0.0545,34.17869927,17.20690876,6.624659872,,,,,,,
0.443,0.306687215,0.031850672,157.5296038,189953.4466,15.32384016,4.825,10.49884016,0.75393382,0.014369892,-0.0546,38.53599723,17.25743986,7.645045856,,,,,,,
0.492,0.31122717,0.025996895,141.5206968,187190.6131,13.84783204,5.025,8.822832041,0.774692253,0.014624628,-0.0545,42.15315765,17.23080865,8.477557858,,,,,,,
0.532,0.314411005,0.022375471,127.0853639,180359.5991,12.82887214,5.2,7.628872144,0.792617523,0.014902274,-0.054392634,43.93547237,16.80301565,8.939204328,,,,,,,
0.561,0.315245384,0.020158773,103.5182586,154207.9641,12.19730468,5.3,6.897304684,0.80123207,0.015449298,-0.053811275,39.34112027,14.40652622,8.082061209,,,,,,,
0.579,0.314912643,0.018557431,57.5218863,88186.05215,11.85262674,5.675,6.177626737,0.831589837,0.018524605,-0.051566419,23.81893807,8.396634245,4.861651228,,,,,,,
0.585,0.321582302,0.015159178,12.0560927,18599.32832,11.66117695,7.225,4.436176955,0.892885199,0.046867541,-0.04449238,5.337680424,1.570256816,0.918600237,,,,,,,
,,,,,,,,,,,,,,,,,,,,
Rotational speed [rpm],,,,,,,,,,,,,,,,,,,,
n,380,,,,,,,,,,,,,,,,,,,
Radius [m],Axial Adduction a,Tangential Adduction a´,Chord[mm],Reynolds,Flow Angle \phi [°],Angle of Attach \alpha [°],Pitch Angle \beta [°],C_L,C_D,C_M,Axial Force [N],Tangential Force [N],Torque [Nm],,,,,,,
0.1,0.13728872,0.288351484,132.0659642,68694.53567,49.67035108,6.475,43.19535108,0.935663704,0.021343674,-0.048974251,8.699607247,10.17426962,1.017426962,,,,,,,
0.176,0.22499972,0.149964464,178.9457087,114099.2169,33.96351069,6.3,27.66351069,0.917200609,0.017477882,-0.051984235,17.47862587,14.72418036,2.591455743,,,,,,,
0.25,0.267897766,0.086343694,194.9606644,153116.2765,25.36973729,5.275,20.09473729,0.804587143,0.015575654,-0.053796278,23.80899059,16.15838498,4.039596245,,,,,,,
0.32,0.289493842,0.056144526,186.4732335,175569.576,20.29497358,4.825,15.46997358,0.756487913,0.014709216,-0.054306625,29.19264937,16.7067046,5.346145472,,,,,,,
0.385,0.302863893,0.040067953,168.064351,183903.5829,17.02738968,4.825,12.20238968,0.754266655,0.014597336,-0.054497854,34.04437099,16.93369535,6.51947271,,,,,,,
0.443,0.309659113,0.030686783,150.4112163,185684.9531,14.89369938,4.925,9.968699377,0.764388601,0.01460416,-0.0545,38.38780057,17.00296144,7.532311918,,,,,,,
0.492,0.313876229,0.024891725,134.8190842,182648.7794,13.46086794,5.1,8.360867945,0.782423942,0.014805432,-0.054400081,41.9765171,16.87786139,8.303907802,,,,,,,
0.532,0.314988736,0.021159532,120.3951099,175052.3529,12.50622233,5.225,7.281222326,0.794923217,0.014997925,-0.054284064,43.79157518,16.29574857,8.669338237,,,,,,,
0.561,0.316535247,0.019103218,97.8030378,149298.2805,11.87575509,5.35,6.525755088,0.80656452,0.015626077,-0.053682518,39.15251032,13.96895265,7.836582439,,,,,,,
0.579,0.315471894,0.017555046,54.4772162,85597.79506,11.55109127,5.7,5.851091275,0.833453967,0.018729912,-0.051406013,23.71305466,8.127183116,4.705639024,,,,,,,
0.585,0.322549657,0.014168816,11.4555572,18113.23632,11.35740041,7.275,4.082400405,0.893228675,0.048069445,-0.044547138,5.312526624,1.500227322,0.877632983,,,,,,,
,,,,,,,,,,,,,,,,,,,,
Rotational speed [rpm],,,,,,,,,,,,,,,,,,,,
n,390,,,,,,,,,,,,,,,,,,,
Radius [m],Axial Adduction a,Tangential Adduction a´,Chord[mm],Reynolds,Flow Angle \phi [°],Angle of Attach \alpha [°],Pitch Angle \beta [°],C_L,C_D,C_M,Axial Force [N],Tangential Force [N],Torque [Nm],,,,,,,
0.1,0.140342906,0.279154408,130.6780447,68377.56207,49.0372431,6.475,42.5622431,0.935752989,0.02138366,-0.048939745,8.761145142,10.07317443,1.007317443,,,,,,,
0.176,0.228650773,0.144475521,175.2683103,113244.6456,33.27896807,6.275,27.00396807,0.914524418,0.017509879,-0.051974218,17.45988274,14.48996265,2.550233426,,,,,,,
0.25,0.269737199,0.081622029,187.8150589,150074.6701,24.83847921,5.2,19.63847921,0.798480944,0.015597406,-0.053764126,23.6436809,15.63735133,3.909337832,,,,,,,
0.32,0.291459599,0.053495951,178.8038291,171814.809,19.81082573,4.85,14.96082573,0.757432404,0.014845594,-0.054278049,29.05477851,16.29228887,5.213532437,,,,,,,
0.385,0.304126226,0.038039665,160.0533991,179008.2443,16.61733872,4.85,11.76733872,0.756691798,0.014705351,-0.054399919,33.90054016,16.4696813,6.340827299,,,,,,,
0.443,0.31080093,0.029050095,142.6698503,180173.241,14.52724644,4.95,9.577246437,0.767342469,0.014705318,-0.054399997,38.23808977,16.49232609,7.306100459,,,,,,,
0.492,0.312663752,0.023400167,127.9401783,177417.6383,13.16871027,5.075,8.09371027,0.779220932,0.01479623,-0.054311085,41.90846881,16.31158456,8.025299605,,,,,,,
0.532,0.31553208,0.020071317,114.8303917,170971.2629,12.19849398,5.225,6.973493984,0.793938728,0.015013601,-0.05419537,43.65892824,15.84155322,8.42770631,,,,,,,
0.561,0.315948733,0.018021739,92.6542111,144862.2224,11.60122187,5.35,6.251221873,0.805811944,0.015682577,-0.053585,39.03483037,13.50994512,7.579079211,,,,,,,
0.579,0.315994644,0.016625773,51.6589818,83145.54854,11.26421801,5.725,5.539218013,0.835010831,0.018929836,-0.051247901,23.60559483,7.868891096,4.556087945,,,,,,,
0.585,0.322837671,0.013195432,10.8888814,17636.3598,11.07925245,7.3,3.77925245,0.891110219,0.049214186,-0.044796542,5.290955023,1.428309036,0.835560786,,,,,,,
,,,,,,,,,,,,,,,,,,,,
Rotational speed [rpm],,,,,,,,,,,,,,,,,,,,
n,400,,,,,,,,,,,,,,,,,,,
Radius [m],Axial Adduction a,Tangential Adduction a´,Chord[mm],Reynolds,Flow Angle \phi [°],Angle of Attach \alpha [°],Pitch Angle \beta [°],C_L,C_D,C_M,Axial Force [N],Tangential Force [N],Torque [Nm],,,,,,,
0.1,0.144920724,0.277066533,131.4946671,69311.82246,48.21245175,6.475,41.73745175,0.936200543,0.021284471,-0.049019702,8.954976629,10.19958437,1.019958437,,,,,,,
0.176,0.232197208,0.139248065,172.6976406,113071.1078,32.61614022,6.2,26.41614022,0.906323108,0.017501932,-0.052036174,17.43530861,14.2579214,2.509394167,,,,,,,
0.25,0.273443619,0.079186584,184.231968,149916.8558,24.22921232,5.175,19.05421232,0.795486634,0.015581133,-0.053763384,23.60109699,15.48078463,3.870196157,,,,,,,
0.32,0.293155715,0.050907424,171.4264252,168056.9721,19.3539254,4.85,14.5039254,0.757311125,0.014922608,-0.054199167,28.91584022,15.86342114,5.076294765,,,,,,,
0.385,0.304550824,0.036070507,152.7173134,174514.8062,16.24382879,4.85,11.39382879,0.756502073,0.014753428,-0.05429999,33.77869393,16.00777926,6.162995014,,,,,,,
0.443,0.31011972,0.027364765,135.3208647,174742.8308,14.21467429,4.95,9.264674293,0.766469375,0.014758467,-0.054299811,38.14411069,15.94958499,7.065666151,,,,,,,
0.492,0.314936641,0.022358878,121.568474,172487.5452,12.8220797,5.15,7.672079698,0.787381029,0.014992924,-0.054207363,41.74056977,15.93110339,7.838102867,,,,,,,
0.532,0.316534251,0.019122412,109.0577906,166197.7361,11.89615576,5.275,6.621155764,0.799648334,0.015176813,-0.054084095,43.51388843,15.44552733,8.21702054,,,,,,,
0.561,0.316436355,0.017073685,87.8009437,140523.6992,11.32118046,5.375,5.946180463,0.808076126,0.015805088,-0.053469512,38.87158478,13.08914834,7.343012219,,,,,,,
0.579,0.316837519,0.015763476,48.8659417,80521.30076,10.98543076,5.775,5.21043076,0.839495235,0.019228026,-0.051039596,23.4825125,7.616029355,4.409680997,,,,,,,
0.585,0.323239253,0.012308716,10.3714215,17198.36468,10.81185623,7.325,3.486856231,0.88885303,0.050350321,-0.045051584,5.266645546,1.360349784,0.795804624,,,,,,,
,,,,,,,,,,,,,,,,,,,,
Rotational speed [rpm],,,,,,,,,,,,,,,,,,,,
n,410,,,,,,,,,,,,,,,,,,,
Radius [m],Axial Adduction a,Tangential Adduction a´,Chord[mm],Reynolds,Flow Angle \phi [°],Angle of Attach \alpha [°],Pitch Angle \beta [°],C_L,C_D,C_M,Axial Force [N],Tangential Force [N],Torque [Nm],,,,,,,
0.1,0.148872835,0.26737986,129.9985858,68875.29635,47.59367199,6.475,41.11867199,0.936332067,0.021319536,-0.048983333,9.015458259,10.04243567,1.004243567,,,,,,,
0.176,0.235169121,0.133750056,169.5953227,112501.3069,32.0018831,6.125,25.8768831,0.898151241,0.017526196,-0.052085083,17.38079523,13.983009,2.461009585,,,,,,,
0.25,0.275479008,0.07597715,179.1798869,148404.7706,23.70773688,5.15,18.55773688,0.791265095,0.015614298,-0.053744446,23.50607469,15.18203198,3.795507995,,,,,,,
0.32,0.295413089,0.048921079,165.1997167,165226.0471,18.89285963,4.875,14.01785963,0.759777715,0.015029299,-0.054145612,28.80826305,15.57566035,4.984211314,,,,,,,
0.385,0.306294625,0.034445528,145.4994435,169823.0937,15.85364241,4.9,10.95364241,0.762500573,0.014920238,-0.05420463,33.64669334,15.6295053,6.017359541,,,,,,,
0.443,0.316109563,0.026701675,128.8300825,170083.9079,13.77417006,5.175,8.599170064,0.789077413,0.015246533,-0.054184065,37.9071021,15.81362896,7.005437628,,,,,,,
0.492,0.31548787,0.02125705,115.9669138,168273.6451,12.52263637,5.175,7.347636374,0.788448513,0.015056391,-0.05414561,41.63429143,15.51067501,7.631252104,,,,,,,
0.532,0.318564979,0.018323129,103.9033257,161993.4448,11.58925135,5.35,6.239251354,0.80725612,0.01537149,-0.053971138,43.32986917,15.11272153,8.039967856,,,,,,,
0.561,0.31709848,0.016244435,83.5137077,136763.988,11.05027961,5.4,5.650279609,0.810368841,0.015924545,-0.053358964,38.70398858,12.72221404,7.137162078,,,,,,,
0.579,0.317281255,0.014959037,46.3927729,78226.96982,10.7252743,5.8,4.925274302,0.841268072,0.019452299,-0.050875429,23.36608691,7.375696862,4.270528483,,,,,,,
0.585,0.323575425,0.011542503,9.8875778,16779.11801,10.55683413,7.325,3.231834128,0.88644801,0.050893478,-0.045305522,5.241652134,1.30146557,0.761357358,,,,,,,
,,,,,,,,,,,,,,,,,,,,
Rotational speed [rpm],,,,,,,,,,,,,,,,,,,,
n,420,,,,,,,,,,,,,,,,,,,
Radius [m],Axial Adduction a,Tangential Adduction a´,Chord[mm],Reynolds,Flow Angle \phi [°],Angle of Attach \alpha [°],Pitch Angle \beta [°],C_L,C_D,C_M,Axial Force [N],Tangential Force [N],Torque [Nm],,,,,,,
0.1,0.152107386,0.260027172,128.8089091,68680.30414,46.96294512,6.475,40.48794512,0.936440294,0.021345242,-0.048974251,9.08218358,9.966460674,0.996646067,,,,,,,
0.176,0.237692984,0.128760212,166.7402619,112092.2902,31.41286657,6.05,25.36286657,0.88984668,0.01751616,-0.052138214,17.33047949,13.74416332,2.418972744,,,,,,,
0.25,0.278085661,0.072891215,173.3920908,146116.2802,23.18841109,5.15,18.03841109,0.791038796,0.015728698,-0.053695071,23.40437074,14.86696251,3.716740627,,,,,,,
0.32,0.296748094,0.046655766,158.0578874,161194.2661,18.47846697,4.9,13.57846697,0.762334962,0.015161961,-0.054062969,28.68515432,15.18789435,4.860126193,,,,,,,
0.385,0.306998389,0.032811158,139.0761213,165737.3771,15.5028673,4.925,10.5778673,0.764027215,0.015015145,-0.054137038,33.53755189,15.23556528,5.865692631,,,,,,,
0.443,0.313529725,0.02502047,122.950683,165835.8434,13.52853265,5.075,8.453532648,0.778836992,0.015074905,-0.054106523,37.88018311,15.23649585,6.749767664,,,,,,,
0.492,0.316396755,0.020264136,110.554263,163988.2345,12.22933874,5.2,7.029338738,0.791905448,0.015170785,-0.054045602,41.51304428,15.12244081,7.44024088,,,,,,,
0.532,0.316928702,0.017231936,98.6779404,157301.7052,11.35885932,5.3,6.058859316,0.80166637,0.015331378,-0.053879624,43.2202817,14.56194081,7.746952512,,,,,,,
0.561,0.317799822,0.015490592,79.2929427,132804.1602,10.79042178,5.425,5.365421779,0.812601231,0.016051826,-0.053257043,38.38111873,12.33557221,6.920256009,,,,,,,
0.579,0.317633143,0.014205908,43.8287387,75588.78062,10.47795251,5.825,4.652952507,0.842763461,0.019720323,-0.050679886,23.10651713,7.100109934,4.110963652,,,,,,,
0.585,0.317131828,0.011063596,9.2929496,16139.4679,10.41184252,7.3,3.111842516,0.888582375,0.049738458,-0.045063066,5.224369525,1.275717574,0.746294781,,,,,,,
,,,,,,,,,,,,,,,,,,,,
Rotational speed [rpm],,,,,,,,,,,,,,,,,,,,
n,430,,,,,,,,,,,,,,,,,,,
Radius [m],Axial Adduction a,Tangential Adduction a´,Chord[mm],Reynolds,Flow Angle \phi [°],Angle of Attach \alpha [°],Pitch Angle \beta [°],C_L,C_D,C_M,Axial Force [N],Tangential Force [N],Torque [Nm],,,,,,,
0.1,0.156310671,0.255390854,128.2015044,68818.79969,46.25321758,6.5,39.75321758,0.93927311,0.021393762,-0.048924998,9.205178846,9.972142051,0.997214205,,,,,,,
0.176,0.242939794,0.12664297,165.4555333,112802.954,30.68980452,6.025,24.66480452,0.889308668,0.01748235,-0.052188111,17.40515675,13.74476759,2.419079096,,,,,,,
0.25,0.279333924,0.069712616,167.7444955,143805.3496,22.72963307,5.125,17.60463307,0.788238784,0.01578277,-0.053655599,23.29725699,14.5320216,3.633005399,,,,,,,
0.32,0.297404796,0.044453831,152.1219604,158151.6846,18.09680072,4.875,13.22180072,0.759387437,0.015160554,-0.054014351,28.57372256,14.80181244,4.736579979,,,,,,,
0.385,0.307677069,0.031300545,132.9645994,161728.8397,15.16610762,4.95,10.21610762,0.76630342,0.015114039,-0.054070946,33.43610808,14.86560436,5.723257678,,,,,,,
0.443,0.311475249,0.023542085,117.1526143,161378.6197,13.2817575,5.025,8.256757503,0.773074573,0.01502683,-0.05403696,37.84925705,14.721419,6.521588615,,,,,,,
0.492,0.317518607,0.019355655,105.4036021,159757.9897,11.94448572,5.25,6.694485716,0.796924548,0.01531974,-0.053945542,41.39480684,14.76230286,7.263053009,,,,,,,
0.532,0.319832958,0.016574162,94.0523341,153241.2351,11.06227783,5.4,5.662277834,0.811915726,0.015582941,-0.053754812,42.99717865,14.26528436,7.589131281,,,,,,,
0.561,0.318611476,0.014748079,75.232217,128802.9123,10.54044352,5.475,5.06544352,0.817421968,0.016242364,-0.053121856,38.2015251,11.97801609,6.719667026,,,,,,,
0.579,0.318760184,0.013546711,41.6845197,73496.36303,10.22944647,5.875,4.35444647,0.846899467,0.020012629,-0.050448318,22.96889301,6.892274973,3.990627209,,,,,,,
0.585,0.317444719,0.010568911,8.8338078,15687.88394,10.17513266,7.275,2.900132655,0.890149324,0.048683013,-0.044857046,5.19837912,1.241466655,0.726257993,,,,,,,
,,,,,,,,,,,,,,,,,,,,
Rotational speed [rpm],,,,,,,,,,,,,,,,,,,,
n,440,,,,,,,,,,,,,,,,,,,
Radius [m],Axial Adduction a,Tangential Adduction a´,Chord[mm],Reynolds,Flow Angle \phi [°],Angle of Attach \alpha [°],Pitch Angle \beta [°],C_L,C_D,C_M,Axial Force [N],Tangential Force [N],Torque [Nm],,,,,,,
0.1,0.160057881,0.249563435,127.4007409,68840.02648,45.6007397,6.5,39.1007397,0.939404507,0.021391872,-0.048926861,9.291543885,9.926933607,0.992693361,,,,,,,
0.176,0.244547282,0.120227738,161.7483962,111639.8914,30.2041077,5.9,24.3041077,0.875606244,0.017409659,-0.052261614,17.26839467,13.32361593,2.344956403,,,,,,,
0.25,0.281502292,0.066737503,163.0140751,142118.4958,22.25941227,5.075,17.18441227,0.782662679,0.015744397,-0.053643658,23.18709,14.19254114,3.548135286,,,,,,,
0.32,0.299960931,0.042805424,146.2846533,155007.428,17.67721884,4.925,12.75221884,0.764630468,0.015320108,-0.053954205,28.46339,14.53134584,4.650030667,,,,,,,
0.385,0.309457555,0.030013057,127.2419495,157912.6245,14.8179969,5,9.817996903,0.771599998,0.015260075,-0.053978468,33.31759368,14.5481175,5.601025238,,,,,,,
0.443,0.313903379,0.022661318,112.0566913,157604.2909,12.9567583,5.1,7.856758297,0.78143978,0.015235685,-0.053945197,37.71074645,14.44899958,6.400906814,,,,,,,
0.492,0.318314855,0.018486184,100.8029129,156052.1981,11.6769947,5.275,6.401994695,0.799298638,0.015409102,-0.053863071,41.29191786,14.40831293,7.088889961,,,,,,,
0.532,0.319475081,0.015757117,89.7627978,149416.4137,10.83091611,5.4,5.430916115,0.81163875,0.015635686,-0.053664352,42.91062289,13.87112535,7.379438685,,,,,,,
0.561,0.319766328,0.014096652,71.6410322,125327.8493,10.29545315,5.525,4.770453155,0.822230224,0.016427057,-0.052990868,38.0096045,11.6633543,6.543141763,,,,,,,
0.579,0.318564943,0.012852321,39.6759216,71484.09773,10.0112343,5.875,4.136234303,0.846046472,0.020193962,-0.050316448,22.86259611,6.66483343,3.858938556,,,,,,,
0.585,0.317815849,0.010104406,8.3871839,15223.38831,9.947730999,7.275,2.672730999,0.893513072,0.047788883,-0.04449981,5.171387423,1.208159274,0.706773175,,,,,,,
,,,,,,,,,,,,,,,,,,,,
Rotational speed [rpm],,,,,,,,,,,,,,,,,,,,
n,450,,,,,,,,,,,,,,,,,,,
Radius [m],Axial Adduction a,Tangential Adduction a´,Chord[mm],Reynolds,Flow Angle \phi [°],Angle of Attach \alpha [°],Pitch Angle \beta [°],C_L,C_D,C_M,Axial Force [N],Tangential Force [N],Torque [Nm],,,,,,,
0.1,0.16373534,0.243886505,126.5398913,68831.51436,44.96172773,6.5,38.46172773,0.939510912,0.021392,-0.048926861,9.371072248,9.878162713,0.987816271,,,,,,,
0.176,0.247003328,0.116267377,158.9408595,111182.9209,29.65443549,5.85,23.80443549,0.870133404,0.017424274,-0.052285134,17.22819186,13.13472329,2.311711298,,,,,,,
0.25,0.284047744,0.064494952,158.0376016,140143.0464,21.78309441,5.1,16.68309441,0.785281876,0.015881088,-0.053588726,23.11214267,13.97765975,3.494414937,,,,,,,
0.32,0.300415887,0.040793716,140.3187978,151481.0656,17.32895404,4.925,12.40395404,0.764103152,0.015357599,-0.053882679,28.35975236,14.15395549,4.529265756,,,,,,,
0.385,0.310152734,0.028683878,121.7378328,154096.8523,14.50668677,5.025,9.481686768,0.774476596,0.015358609,-0.0539,33.22353742,14.20551052,5.469121549,,,,,,,
0.443,0.315625882,0.021761282,107.1548582,153817.2855,12.65821424,5.175,7.483214236,0.788166691,0.015410294,-0.053844961,37.59091685,14.15476711,6.270561828,,,,,,,
0.492,0.318510477,0.017610355,96.1647376,151990.8239,11.43078192,5.3,6.130781918,0.80167274,0.015513064,-0.053763384,41.21196773,14.03146367,6.903480126,,,,,,,
0.532,0.320299915,0.015066219,85.8651183,145961.3889,10.59022653,5.425,5.165226528,0.813967699,0.015736774,-0.053575193,42.77254766,13.53300651,7.199559465,,,,,,,
0.561,0.320266825,0.013460016,68.3381284,122103.8793,10.07033405,5.55,4.520334046,0.824460837,0.01655755,-0.052875637,37.83601689,11.34692115,6.365622767,,,,,,,
0.579,0.318891306,0.012235163,37.7710756,69510.4254,9.794370029,5.9,3.894370029,0.847614182,0.020444337,-0.050133089,22.73514957,6.455903027,3.737967853,,,,,,,
0.585,0.317927081,0.009668277,8.0044571,14842.86319,9.733508787,7.225,2.508508787,0.892512688,0.04673107,-0.044532179,5.143748984,1.176010264,0.687966005,,,,,,,
,,,,,,,,,,,,,,,,,,,,
Rotational speed [rpm],,,,,,,,,,,,,,,,,,,,
n,460,,,,,,,,,,,,,,,,,,,
Radius [m],Axial Adduction a,Tangential Adduction a´,Chord[mm],Reynolds,Flow Angle \phi [°],Angle of Attach \alpha [°],Pitch Angle \beta [°],C_L,C_D,C_M,Axial Force [N],Tangential Force [N],Torque [Nm],,,,,,,
0.1,0.166862736,0.237019532,125.4444343,68678.11287,44.38337988,6.475,37.90837988,0.936890423,0.021345242,-0.048974251,9.41241656,9.776664148,0.977666415,,,,,,,
0.176,0.250294935,0.112301262,156.5766345,110954.8852,29.09603055,5.775,23.32103055,0.861949685,0.017338418,-0.052354387,17.18237094,12.91190781,2.272495774,,,,,,,
0.25,0.284466261,0.061518124,153.0097035,137942.2199,21.39568232,5.05,16.34568232,0.779300113,0.015836848,-0.053568743,23.00333639,13.62081886,3.405204715,,,,,,,
0.32,0.302096531,0.039234475,135.1995625,148678.5797,16.95962495,4.95,12.00962495,0.766627814,0.015452044,-0.053834246,28.26246798,13.88203587,4.442251479,,,,,,,
0.385,0.310860058,0.027446902,116.7052489,150625.764,14.20663673,5.05,9.156636728,0.77665851,0.015453063,-0.053826258,33.1340861,13.88072365,5.344078606,,,,,,,
0.443,0.316590627,0.020845161,102.5846534,150235.3984,12.38545888,5.2,7.185458881,0.792031449,0.015527499,-0.053764126,37.49515054,13.84055528,6.131365988,,,,,,,
0.492,0.318321292,0.016761028,91.9479332,148312.3488,11.20076232,5.3,5.900762321,0.80145043,0.015561969,-0.053685224,41.15042812,13.65316453,6.71735695,,,,,,,
0.532,0.320586111,0.014359545,81.8963519,142107.4583,10.36783913,5.45,4.917839129,0.816251317,0.015851665,-0.05347674,42.65695273,13.16478473,7.003665478,,,,,,,
0.561,0.320077248,0.012826687,65.2633177,119051.5851,9.864490788,5.55,4.314490788,0.82411193,0.016636958,-0.052790873,37.69441652,11.02332822,6.184087132,,,,,,,
0.579,0.319351044,0.011665004,36.0138478,67668.88288,9.584390203,5.925,3.659390203,0.849183366,0.020692054,-0.049946264,22.60757916,6.259000262,3.623961152,,,,,,,
0.585,0.318321624,0.009255539,7.6155455,14420.67133,9.524242689,7.225,2.299242689,0.895261003,0.045941456,-0.044234444,5.115010506,1.144344359,0.66944145,,,,,,,
,,,,,,,,,,,,,,,,,,,,
Rotational speed [rpm],,,,,,,,,,,,,,,,,,,,
n,470,,,,,,,,,,,,,,,,,,,
Radius [m],Axial Adduction a,Tangential Adduction a´,Chord[mm],Reynolds,Flow Angle \phi [°],Angle of Attach \alpha [°],Pitch Angle \beta [°],C_L,C_D,C_M,Axial Force [N],Tangential Force [N],Torque [Nm],,,,,,,
0.1,0.171612776,0.236457555,125.9620941,69524.74947,43.61697862,6.475,37.14197862,0.939624464,0.021254843,-0.049049656,9.583688207,9.908698905,0.99086989,,,,,,,
0.176,0.253717476,0.109014895,153.7782556,110417.1107,28.53654213,5.775,22.76154213,0.859772956,0.017445719,-0.052331499,17.15545461,12.7480716,2.243660602,,,,,,,
0.25,0.288089945,0.059855504,148.6495703,136265.6212,20.91330181,5.1,15.81330181,0.784963304,0.016029835,-0.053505903,22.93894168,13.47222352,3.36805588,,,,,,,
0.32,0.304336205,0.03801242,130.5796583,146260.2034,16.58690999,5,11.58690999,0.772461636,0.015620007,-0.053755129,28.17520391,13.69792941,4.38333741,,,,,,,
0.385,0.311743995,0.026300874,111.9834588,147320.292,13.91399566,5.075,8.83899566,0.779125393,0.015547396,-0.053744446,33.04395082,13.57286603,5.225553421,,,,,,,
0.443,0.316790325,0.019902804,98.1726855,146625.8804,12.13725507,5.225,6.912255075,0.793757321,0.015626763,-0.05367519,37.42428948,13.49809237,5.979654918,,,,,,,
0.492,0.319783582,0.016128907,88.2704282,145261.7808,10.95197261,5.35,5.601972614,0.806443769,0.015704116,-0.05359496,41.03419322,13.39262785,6.5891729,,,,,,,
0.532,0.320164522,0.0136818,78.4125438,138838.1273,10.16470089,5.45,4.714700892,0.814827794,0.015886695,-0.053399349,42.57296468,12.80802974,6.813871822,,,,,,,
0.561,0.320656484,0.012262996,62.3204592,116017.3263,9.655802288,5.575,4.080802288,0.826323629,0.016778021,-0.05268,37.51020416,10.72286907,6.015529548,,,,,,,
0.579,0.319624831,0.011122717,34.3327776,65839.05192,9.385366056,5.95,3.435366056,0.850675422,0.020952849,-0.049752471,22.47467317,6.064520662,3.511357463,,,,,,,
0.585,0.318343991,0.00886848,7.280526,14072.59655,9.328410163,7.175,2.153410163,0.893756104,0.044983957,-0.044291783,5.08586606,1.11400382,0.651692235,,,,,,,
,,,,,,,,,,,,,,,,,,,,
Rotational speed [rpm],,,,,,,,,,,,,,,,,,,,
n,480,,,,,,,,,,,,,,,,,,,
Radius [m],Axial Adduction a,Tangential Adduction a´,Chord[mm],Reynolds,Flow Angle \phi [°],Angle of Attach \alpha [°],Pitch Angle \beta [°],C_L,C_D,C_M,Axial Force [N],Tangential Force [N],Torque [Nm],,,,,,,
0.1,0.174665326,0.2281036,123.5324436,68580.67316,43.10314354,6.5,36.60314354,0.942041897,0.021423143,-0.0489197,9.584362377,9.726031533,0.972603153,,,,,,,
0.176,0.259938757,0.107839407,150.8564068,109808.9362,27.85978876,5.9,21.95978876,0.872832873,0.017810564,-0.052196281,17.21300725,12.77155943,2.24779446,,,,,,,
0.25,0.292039342,0.058344598,143.3995196,133638.1679,20.43656772,5.225,15.21156772,0.797560383,0.016373664,-0.053385715,22.87011942,13.33715624,3.33428906,,,,,,,
0.32,0.304085753,0.036071336,124.690887,142154.6679,16.29418527,5,11.29418527,0.772163612,0.01569871,-0.05367519,28.07885189,13.27979456,4.24953426,,,,,,,
0.385,0.312716475,0.025249812,107.284466,143818.9779,13.62994012,5.125,8.504940122,0.784180812,0.015702465,-0.053655599,32.95663885,13.28889386,5.116224135,,,,,,,
0.443,0.316773695,0.019006309,94.1462336,143352.3795,11.90211256,5.225,6.677112559,0.793784564,0.015670227,-0.053595099,37.36486875,13.16456212,5.831901018,,,,,,,
0.492,0.320164104,0.015422554,84.5074658,141824.4908,10.73058036,5.375,5.355580355,0.808796442,0.015810143,-0.0535,40.95689753,13.06881914,6.429859017,,,,,,,
0.532,0.321158469,0.01313267,75.1719818,135767.6454,9.94823201,5.475,4.47323201,0.818313254,0.016020311,-0.053299348,42.4312064,12.52154589,6.661462411,,,,,,,
0.561,0.320890561,0.011713925,59.4716609,112943.2613,9.460150149,5.6,3.860150149,0.828479252,0.016928789,-0.052575087,37.34460185,10.42272704,5.847149868,,,,,,,
0.579,0.320123125,0.010617967,32.7744743,64120.38004,9.191102218,5.975,3.216102218,0.852167905,0.021210625,-0.049552524,22.33982367,5.878978998,3.40392884,,,,,,,
0.585,0.31872818,0.00850382,6.9397963,13686.9602,9.135563557,7.175,1.960563557,0.89607353,0.044276022,-0.044017664,5.055387033,1.084338119,0.634337799,,,,,,,
,,,,,,,,,,,,,,,,,,,,
Rotational speed [rpm],,,,,,,,,,,,,,,,,,,,
n,490,,,,,,,,,,,,,,,,,,,
Radius [m],Axial Adduction a,Tangential Adduction a´,Chord[mm],Reynolds,Flow Angle \phi [°],Angle of Attach \alpha [°],Pitch Angle \beta [°],C_L,C_D,C_M,Axial Force [N],Tangential Force [N],Torque [Nm],,,,,,,
0.1,0.184036099,0.234611765,123.6076711,69230.62351,42.0378076,6.8,35.2378076,0.973075147,0.022104009,-0.048398969,9.949263537,10.09599286,1.009599286,,,,,,,
0.176,0.258141733,0.101568501,147.8379189,108936.5761,27.56452828,5.675,21.88952828,0.848549904,0.01744778,-0.052375151,17.03372233,12.30930756,2.166438131,,,,,,,
0.25,0.290657802,0.055310931,139.1615942,131760.5407,20.14214992,5.1,15.04214992,0.784508623,0.016179986,-0.053413116,22.76349645,12.93227949,3.233069873,,,,,,,
0.32,0.305524694,0.034780175,119.9496437,139193.813,15.96631574,5.05,10.91631574,0.777526031,0.015870536,-0.053593823,27.99445688,13.04418131,4.174138019,,,,,,,
0.385,0.313495013,0.024204658,103.0143184,140669.0385,13.36038987,5.15,8.210389865,0.786347807,0.015798387,-0.053577474,32.87261008,12.9894939,5.000955153,,,,,,,
0.443,0.318059893,0.01829717,90.4250829,140329.4595,11.65246222,5.275,6.37746222,0.798794693,0.015817553,-0.053513227,37.26985691,12.91293631,5.720430786,,,,,,,
0.492,0.320746083,0.014791353,81.1300031,138808.074,10.51411098,5.4,5.114110984,0.811143857,0.0159112,-0.053418193,40.87605543,12.78143979,6.288468377,,,,,,,
0.532,0.321629838,0.012579233,72.0159559,132624.1896,9.747724893,5.5,4.247724893,0.820596413,0.016131338,-0.053207099,42.30869947,12.21856886,6.500278632,,,,,,,
0.561,0.320579495,0.011165713,56.797159,109994.3799,9.279584802,5.6,3.679584802,0.828086554,0.017030049,-0.052477063,37.19393017,10.11070191,5.67210377,,,,,,,
0.579,0.320503704,0.010140579,31.2928118,62435.23344,9.005859619,6,3.005859619,0.853682029,0.021480317,-0.049356725,22.20170052,5.698159322,3.299234248,,,,,,,
0.585,0.319079736,0.008166345,6.6385336,13354.22784,8.950575117,7.15,1.800575117,0.896172941,0.043509299,-0.043960244,5.02340814,1.056234616,0.61789725,,,,,,,
,,,,,,,,,,,,,,,,,,,,
Rotational speed [rpm],,,,,,,,,,,,,,,,,,,,
n,500,,,,,,,,,,,,,,,,,,,
Radius [m],Axial Adduction a,Tangential Adduction a´,Chord[mm],Reynolds,Flow Angle \phi [°],Angle of Attach \alpha [°],Pitch Angle \beta [°],C_L,C_D,C_M,Axial Force [N],Tangential Force [N],Torque [Nm],,,,,,,
0.1,0.180760874,0.216884475,121.2037865,68222.00959,41.98839706,6.5,35.48839706,0.939566653,0.021465989,-0.048874992,9.658806832,9.561838305,0.95618383,,,,,,,
0.176,0.26092252,0.098149796,144.3261155,107708.344,27.07740694,5.675,21.40240694,0.847538412,0.017586771,-0.052336123,16.97545429,12.09224536,2.128235184,,,,,,,
0.25,0.291823,0.053197499,134.6700817,129549.6656,19.77738929,5.1,14.67738929,0.784293905,0.016246945,-0.053357143,22.67984278,12.67112854,3.167782134,,,,,,,
0.32,0.306369019,0.033389696,115.7536258,136677.7992,15.66471736,5.05,10.61471736,0.777145821,0.015905612,-0.053535146,27.91151871,12.76271744,4.084069582,,,,,,,
0.385,0.314098453,0.023240024,98.9901831,137657.3903,13.10328485,5.175,7.928284853,0.788992154,0.015902795,-0.0535,32.79973004,12.71516091,4.89533695,,,,,,,
0.443,0.317877154,0.017470575,86.7223328,137113.2752,11.43762292,5.275,6.162622921,0.798686437,0.015873576,-0.053439801,37.22025547,12.58444576,5.574909473,,,,,,,
0.492,0.320496449,0.014126,77.8196964,135687.4224,10.31870882,5.4,4.918708816,0.810880812,0.015968768,-0.053339753,40.828785,12.45741668,6.129049006,,,,,,,
0.532,0.321990783,0.012053442,69.0177283,129555.6183,9.55628092,5.525,4.03128092,0.822872894,0.016251567,-0.053107842,42.19196655,11.92365843,6.343386285,,,,,,,
0.561,0.321369604,0.010725524,54.3823937,107363.1963,9.090615757,5.65,3.440615757,0.831678042,0.017206347,-0.052347467,37.00097834,9.863239206,5.533277195,,,,,,,
0.579,0.320829754,0.009689717,29.9004628,60817.97673,8.828316569,6.025,2.803316569,0.85504286,0.021751455,-0.049149748,22.0652285,5.523635894,3.198185183,,,,,,,
0.585,0.319031357,0.007828973,6.3409471,13005.44431,8.777882126,7.125,1.652882126,0.896159108,0.042772566,-0.043906854,4.993775281,1.027238918,0.600934767,,,,,,,
,,,,,,,,,,,,,,,,,,,,
Rotational speed [rpm],,,,,,,,,,,,,,,,,,,,
n,510,,,,,,,,,,,,,,,,,,,
Radius [m],Axial Adduction a,Tangential Adduction a´,Chord[mm],Reynolds,Flow Angle \phi [°],Angle of Attach \alpha [°],Pitch Angle \beta [°],C_L,C_D,C_M,Axial Force [N],Tangential Force [N],Torque [Nm],,,,,,,
0.1,0.185477238,0.214513633,121.2131557,68735.18898,41.31619057,6.5,34.81619057,0.939771575,0.021401879,-0.048924573,9.772315036,9.590926353,0.959092635,,,,,,,
0.176,0.262167708,0.094770265,141.6767845,107110.5777,26.65227795,5.6,21.05227795,0.840187766,0.017501495,-0.052368669,16.91201992,11.88933388,2.092522763,,,,,,,
0.25,0.293237171,0.051142234,129.8431195,126872.127,19.41805583,5.125,14.29305583,0.7867267,0.016391154,-0.053285708,22.59169577,12.40040422,3.100101055,,,,,,,
0.32,0.3061218,0.032019016,111.1743303,133544.963,15.39690334,5.075,10.32190334,0.779424042,0.016017001,-0.05345895,27.85410935,12.48802072,3.996166631,,,,,,,
0.385,0.313731945,0.02211081,94.4020106,133632.0908,12.87535043,5.2,7.675350427,0.790966177,0.016026948,-0.053399572,32.74026506,12.34588094,4.753164161,,,,,,,
0.443,0.319087337,0.01684475,83.4322223,134358.2867,11.20641651,5.325,5.881416506,0.803526331,0.016019824,-0.053345585,37.13233979,12.35422168,5.472920206,,,,,,,
0.492,0.320866089,0.013552588,74.7353474,132757.8617,10.1208162,5.425,4.695816197,0.813196288,0.016075417,-0.053254337,40.76022066,12.18121235,5.993156478,,,,,,,
0.532,0.32173593,0.011523725,66.1993999,126619.4144,9.380542448,5.525,3.855542448,0.822580232,0.016321498,-0.053025,42.10233515,11.61483713,6.179093352,,,,,,,
0.561,0.321781076,0.010276905,51.9709659,104556.9713,8.913833311,5.675,3.238833311,0.834932126,0.017395236,-0.0522125,36.81933621,9.598041638,5.384501359,,,,,,,
0.579,0.321135428,0.009264562,28.5864311,59255.99384,8.657613311,6.05,2.607613311,0.856404876,0.022029211,-0.048938983,21.92720184,5.354911525,3.100493773,,,,,,,
0.585,0.319134357,0.007515226,6.0658921,12680.48349,8.609727702,7.1,1.509727702,0.895931137,0.042073518,-0.043846059,4.962610845,0.999541281,0.584731649,,,,,,,
,,,,,,,,,,,,,,,,,,,,
Rotational speed [rpm],,,,,,,,,,,,,,,,,,,,
n,520,,,,,,,,,,,,,,,,,,,
Radius [m],Axial Adduction a,Tangential Adduction a´,Chord[mm],Reynolds,Flow Angle \phi [°],Angle of Attach \alpha [°],Pitch Angle \beta [°],C_L,C_D,C_M,Axial Force [N],Tangential Force [N],Torque [Nm],,,,,,,
0.1,0.187598072,0.207310813,118.9984672,67921.1111,40.8599104,6.5,34.3599104,0.939475639,0.021500992,-0.048861196,9.750510199,9.426023456,0.942602346,,,,,,,
0.176,0.263881962,0.091675704,138.5777446,106121.3959,26.22028665,5.575,20.64528665,0.837309431,0.017549774,-0.052365255,16.85545003,11.69937508,2.059090013,,,,,,,
0.25,0.297408054,0.050208926,126.4122415,125497.6023,18.98300893,5.225,13.75800893,0.796603971,0.016625632,-0.05319998,22.53200474,12.33956159,3.084890397,,,,,,,
0.32,0.30825082,0.030920065,107.1348006,130882.3246,15.08554802,5.125,9.960548018,0.784553861,0.016173608,-0.053379307,27.75659495,12.25814149,3.922605278,,,,,,,
0.385,0.315877799,0.021521712,91.5574639,131929.5265,12.60455715,5.25,7.354557152,0.796359254,0.016150568,-0.053328561,32.64654981,12.21426353,4.702491458,,,,,,,
0.443,0.319430231,0.016180138,80.207045,131517.0717,10.99782117,5.35,5.647821165,0.806015745,0.016124712,-0.053259007,37.07463539,12.09321192,5.357292883,,,,,,,
0.492,0.322428163,0.013084609,71.9798459,130226.2146,9.91219453,5.475,4.43719453,0.818154451,0.016225872,-0.053154388,40.64259486,11.96046349,5.884548035,,,,,,,
0.532,0.322563561,0.011092807,63.7054747,124120.1976,9.196075995,5.55,3.646075995,0.824899266,0.01642988,-0.05294124,41.9635955,11.36797147,6.047760821,,,,,,,
0.561,0.32167073,0.009835508,49.813993,102092.6078,8.750253091,5.675,3.075253091,0.834506366,0.017497219,-0.052129498,36.65574069,9.331008354,5.234695687,,,,,,,
0.579,0.321616743,0.008876968,27.3784126,57817.11167,8.490851244,6.075,2.415851244,0.85781323,0.022298023,-0.048735371,21.78131857,5.197929489,3.009601174,,,,,,,
0.585,0.319394477,0.007226626,5.8124481,12380.05672,8.445771033,7.075,1.370771033,0.895571527,0.041407543,-0.043825299,4.929564061,0.973457557,0.569472671,,,,,,,
,,,,,,,,,,,,,,,,,,,,
Rotational speed [rpm],,,,,,,,,,,,,,,,,,,,
n,510,,,,,,,,,,,,,,,,,,,
Radius [m],Axial Adduction a,Tangential Adduction a´,Chord[mm],Reynolds,Flow Angle \phi [°],Angle of Attach \alpha [°],Pitch Angle \beta [°],C_L,C_D,C_M,Axial Force [N],Tangential Force [N],Torque [Nm],,,,,,,
0.1,0.185477238,0.214513633,121.2131557,68735.18898,41.31619057,6.5,34.81619057,0.939771575,0.021401879,-0.048924573,9.772315036,9.590926353,0.959092635,,,,,,,
0.176,0.262167708,0.094770265,141.6767845,107110.5777,26.65227795,5.6,21.05227795,0.840187766,0.017501495,-0.052368669,16.91201992,11.88933388,2.092522763,,,,,,,
0.25,0.293237171,0.051142234,129.8431195,126872.127,19.41805583,5.125,14.29305583,0.7867267,0.016391154,-0.053285708,22.59169577,12.40040422,3.100101055,,,,,,,
0.32,0.3061218,0.032019016,111.1743303,133544.963,15.39690334,5.075,10.32190334,0.779424042,0.016017001,-0.05345895,27.85410935,12.48802072,3.996166631,,,,,,,
0.385,0.313731945,0.02211081,94.4020106,133632.0908,12.87535043,5.2,7.675350427,0.790966177,0.016026948,-0.053399572,32.74026506,12.34588094,4.753164161,,,,,,,
0.443,0.319087337,0.01684475,83.4322223,134358.2867,11.20641651,5.325,5.881416506,0.803526331,0.016019824,-0.053345585,37.13233979,12.35422168,5.472920206,,,,,,,
0.492,0.320866089,0.013552588,74.7353474,132757.8617,10.1208162,5.425,4.695816197,0.813196288,0.016075417,-0.053254337,40.76022066,12.18121235,5.993156478,,,,,,,
0.532,0.32173593,0.011523725,66.1993999,126619.4144,9.380542448,5.525,3.855542448,0.822580232,0.016321498,-0.053025,42.10233515,11.61483713,6.179093352,,,,,,,
0.561,0.321781076,0.010276905,51.9709659,104556.9713,8.913833311,5.675,3.238833311,0.834932126,0.017395236,-0.0522125,36.81933621,9.598041638,5.384501359,,,,,,,
0.579,0.321135428,0.009264562,28.5864311,59255.99384,8.657613311,6.05,2.607613311,0.856404876,0.022029211,-0.048938983,21.92720184,5.354911525,3.100493773,,,,,,,
0.585,0.319134357,0.007515226,6.0658921,12680.48349,8.609727702,7.1,1.509727702,0.895931137,0.042073518,-0.043846059,4.962610845,0.999541281,0.584731649,,,,,,,
,,,,,,,,,,,,,,,,,,,,
Rotational speed [rpm],,,,,,,,,,,,,,,,,,,,
n,520,,,,,,,,,,,,,,,,,,,
Radius [m],Axial Adduction a,Tangential Adduction a´,Chord[mm],Reynolds,Flow Angle \phi [°],Angle of Attach \alpha [°],Pitch Angle \beta [°],C_L,C_D,C_M,Axial Force [N],Tangential Force [N],Torque [Nm],,,,,,,
0.1,0.187598072,0.207310813,118.9984672,67921.1111,40.8599104,6.5,34.3599104,0.939475639,0.021500992,-0.048861196,9.750510199,9.426023456,0.942602346,,,,,,,
0.176,0.263881962,0.091675704,138.5777446,106121.3959,26.22028665,5.575,20.64528665,0.837309431,0.017549774,-0.052365255,16.85545003,11.69937508,2.059090013,,,,,,,
0.25,0.297408054,0.050208926,126.4122415,125497.6023,18.98300893,5.225,13.75800893,0.796603971,0.016625632,-0.05319998,22.53200474,12.33956159,3.084890397,,,,,,,
0.32,0.30825082,0.030920065,107.1348006,130882.3246,15.08554802,5.125,9.960548018,0.784553861,0.016173608,-0.053379307,27.75659495,12.25814149,3.922605278,,,,,,,
0.385,0.315877799,0.021521712,91.5574639,131929.5265,12.60455715,5.25,7.354557152,0.796359254,0.016150568,-0.053328561,32.64654981,12.21426353,4.702491458,,,,,,,
0.443,0.319430231,0.016180138,80.207045,131517.0717,10.99782117,5.35,5.647821165,0.806015745,0.016124712,-0.053259007,37.07463539,12.09321192,5.357292883,,,,,,,
0.492,0.322428163,0.013084609,71.9798459,130226.2146,9.91219453,5.475,4.43719453,0.818154451,0.016225872,-0.053154388,40.64259486,11.96046349,5.884548035,,,,,,,
0.532,0.322563561,0.011092807,63.7054747,124120.1976,9.196075995,5.55,3.646075995,0.824899266,0.01642988,-0.05294124,41.9635955,11.36797147,6.047760821,,,,,,,
0.561,0.32167073,0.009835508,49.813993,102092.6078,8.750253091,5.675,3.075253091,0.834506366,0.017497219,-0.052129498,36.65574069,9.331008354,5.234695687,,,,,,,
0.579,0.321616743,0.008876968,27.3784126,57817.11167,8.490851244,6.075,2.415851244,0.85781323,0.022298023,-0.048735371,21.78131857,5.197929489,3.009601174,,,,,,,
0.585,0.319394477,0.007226626,5.8124481,12380.05672,8.445771033,7.075,1.370771033,0.895571527,0.041407543,-0.043825299,4.929564061,0.973457557,0.569472671,,,,,,,
,,,,,,,,,,,,,,,,,,,,
Rotational speed [rpm],,,,,,,,,,,,,,,,,,,,
n,530,,,,,,,,,,,,,,,,,,,
Radius [m],Axial Adduction a,Tangential Adduction a´,Chord[mm],Reynolds,Flow Angle \phi [°],Angle of Attach \alpha [°],Pitch Angle \beta [°],C_L,C_D,C_M,Axial Force [N],Tangential Force [N],Torque [Nm],,,,,,,
0.1,0.186658131,0.196546852,117.689362,67597.59343,40.60673986,6.275,34.33173986,0.916117398,0.020932072,-0.049313572,9.611547868,9.119003416,0.911900342,,,,,,,
0.176,0.265786795,0.088751998,135.727623,105269.5408,25.79226005,5.55,20.24226005,0.833821361,0.017585827,-0.052362264,16.80077728,11.51420142,2.02649945,,,,,,,
0.25,0.296430135,0.047920544,121.8838156,122861.5849,18.71192151,5.2,13.51192151,0.79311434,0.016650874,-0.053145612,22.4553596,12.02035075,3.005087688,,,,,,,
0.32,0.308171873,0.029638542,103.1883115,128174.4245,14.83278546,5.125,9.707785461,0.784269511,0.016223409,-0.053313857,27.69660536,11.97741676,3.832773362,,,,,,,
0.385,0.315875916,0.020629922,88.1509072,129240.5754,12.38463989,5.25,7.134639885,0.796085667,0.016193697,-0.053265827,32.59427839,11.93333225,4.594332916,,,,,,,
0.443,0.319934422,0.015551332,77.1863924,128829.8818,10.79394863,5.375,5.418948631,0.808195792,0.016226319,-0.053179625,37.01183104,11.83780267,5.244146583,,,,,,,
0.492,0.322664283,0.012577801,69.2492731,127561.3715,9.730228239,5.5,4.230228239,0.820464104,0.016333624,-0.053058333,40.58335958,11.71084551,5.761735989,,,,,,,
0.532,0.322294703,0.010626006,61.209575,121439.1814,9.033072292,5.55,3.483072292,0.824573156,0.016501408,-0.052863384,41.87226598,11.08489595,5.897164647,,,,,,,
0.561,0.323018927,0.009481948,47.7216439,99603.59621,8.573781122,5.75,2.823781122,0.840515821,0.017746689,-0.051964245,36.42653505,9.113101266,5.11244981,,,,,,,
0.579,0.321646768,0.008486159,26.2343821,56422.11286,8.335736939,6.075,2.260736939,0.856873149,0.022515624,-0.048575492,21.64323651,5.034342508,2.914884312,,,,,,,
0.585,0.319711651,0.006958954,5.5764491,12097.66139,8.28701407,7.05,1.23701407,0.895093435,0.040766752,-0.04379994,4.89519909,0.948732551,0.555008542,,,,,,,
,,,,,,,,,,,,,,,,,,,,
Rotational speed [rpm],,,,,,,,,,,,,,,,,,,,
n,540,,,,,,,,,,,,,,,,,,,
Radius [m],Axial Adduction a,Tangential Adduction a´,Chord[mm],Reynolds,Flow Angle \phi [°],Angle of Attach \alpha [°],Pitch Angle \beta [°],C_L,C_D,C_M,Axial Force [N],Tangential Force [N],Torque [Nm],,,,,,,
0.1,0.193537074,0.198832079,116.6555813,67574.52211,39.78498592,6.5,33.28498592,0.940550729,0.021547905,-0.048813588,9.825517736,9.319592451,0.931959245,,,,,,,
0.176,0.26747886,0.08463382,130.8543724,102683.2027,25.40803295,5.525,19.88303295,0.833065145,0.017739939,-0.052307988,16.68915329,11.16131847,1.964392051,,,,,,,
0.25,0.296955643,0.046112798,118.5483868,121326.1835,18.40571514,5.15,13.25571514,0.788661443,0.016605379,-0.053141664,22.3842146,11.77633852,2.94408463,,,,,,,
0.32,0.309623692,0.028683104,99.6153701,125793.1349,14.55354981,5.175,9.378549806,0.789324838,0.01638011,-0.053225377,27.62199324,11.78522968,3.771273499,,,,,,,
0.385,0.316803547,0.019894242,84.8081572,126483.9421,12.15468288,5.3,6.854682879,0.801064632,0.016355898,-0.053169496,32.52247979,11.70900821,4.507968159,,,,,,,
0.443,0.320640442,0.014975601,74.3960175,126360.2895,10.59374595,5.4,5.193745951,0.810564971,0.016326656,-0.053106352,36.94423786,11.60238644,5.139857193,,,,,,,
0.492,0.322490091,0.012061087,66.6769754,125013.6832,9.560590402,5.5,4.060590402,0.820181768,0.016392086,-0.052991616,40.54142955,11.44113371,5.629037788,,,,,,,
0.532,0.323608015,0.010258691,58.8946413,118949.4748,8.85473001,5.6,3.25473001,0.829427673,0.016672161,-0.05275438,41.70806425,10.86409398,5.779697995,,,,,,,
0.561,0.32232523,0.009061487,45.7506004,97214.18924,8.429264588,5.725,2.704264588,0.838668724,0.017830581,-0.051877031,36.28537334,8.846283193,4.962764871,,,,,,,
0.579,0.321906091,0.008126109,25.1234385,55011.39471,8.183277276,6.1,2.083277276,0.858067965,0.022802481,-0.048359979,21.50149373,4.880866079,2.82602146,,,,,,,
0.585,0.319662469,0.0066872,5.3410124,11797.91704,8.138371236,7.025,1.113371236,0.894543407,0.040154046,-0.043784221,4.863503266,0.922923552,0.539910278,,,,,,,
,,,,,,,,,,,,,,,,,,,,
Rotational speed [rpm],,,,,,,,,,,,,,,,,,,,
n,550,,,,,,,,,,,,,,,,,,,
Radius [m],Axial Adduction a,Tangential Adduction a´,Chord[mm],Reynolds,Flow Angle \phi [°],Angle of Attach \alpha [°],Pitch Angle \beta [°],C_L,C_D,C_M,Axial Force [N],Tangential Force [N],Torque [Nm],,,,,,,
0.1,0.19636912,0.193665881,116.5645055,67990.57143,39.29137782,6.4,32.89137782,0.9285644,0.021211292,-0.049086615,9.836128684,9.213077755,0.921307776,,,,,,,
0.176,0.27041015,0.08353423,129.8054499,103241.7759,24.93726743,5.55,19.38726743,0.832303263,0.017773776,-0.0522875,16.70144947,11.17541346,1.966872769,,,,,,,
0.25,0.297696865,0.044334205,114.6144881,119062.2226,18.10399641,5.15,12.95399641,0.788406339,0.016671565,-0.053081652,22.30825732,11.51963063,2.879907658,,,,,,,
0.32,0.310859604,0.027699241,96.2959591,123587.7104,14.28844017,5.2,9.088440174,0.791701181,0.016473671,-0.053158106,27.54717324,11.57099067,3.702717015,,,,,,,
0.385,0.31749241,0.019179778,81.8342298,124120.7783,11.93651532,5.325,6.611515317,0.803378371,0.016452518,-0.053091659,32.45911736,11.4859529,4.422091865,,,,,,,
0.443,0.321670166,0.014444223,71.6024927,123723.4167,10.3952727,5.45,4.945272701,0.81546902,0.016488695,-0.053007081,36.86507804,11.38044418,5.041536774,,,,,,,
0.492,0.322391926,0.011573015,64.238892,122554.8364,9.395671467,5.5,3.895671467,0.819920679,0.016452023,-0.052924343,40.49682895,11.17942881,5.500278972,,,,,,,
0.532,0.323176,0.009828602,56.5938883,116322.9477,8.705336637,5.6,3.105336637,0.829121462,0.016752775,-0.052672715,41.6234998,10.58925864,5.633485597,,,,,,,
0.561,0.322848547,0.008720016,43.9458682,95038.75886,8.274605452,5.75,2.524605452,0.840767074,0.017990762,-0.051768297,36.09025558,8.627360616,4.839949305,,,,,,,
0.579,0.322219991,0.007785045,24.0697768,53642.37349,8.035462958,6.125,1.910462958,0.859341292,0.023100754,-0.048145303,21.35576464,4.731480119,2.739526989,,,,,,,
0.585,0.319839473,0.006438227,5.1248882,11523.13626,7.992228547,7,0.992228547,0.893872642,0.039564482,-0.043786627,4.82979809,0.898741927,0.525764027,,,,,,,
,,,,,,,,,,,,,,,,,,,,
Rotational speed [rpm],,,,,,,,,,,,,,,,,,,,
n,560,,,,,,,,,,,,,,,,,,,
Radius [m],Axial Adduction a,Tangential Adduction a´,Chord[mm],Reynolds,Flow Angle \phi [°],Angle of Attach \alpha [°],Pitch Angle \beta [°],C_L,C_D,C_M,Axial Force [N],Tangential Force [N],Torque [Nm],,,,,,,
0.1,0.199840331,0.190443744,114.5172499,67301.31903,38.74085172,6.5,32.24085172,0.939061171,0.021579199,-0.048775022,9.88714076,9.18467352,0.918467352,,,,,,,
0.176,0.272306388,0.081061817,127.1067555,102369.3489,24.53797885,5.5,19.03797885,0.83007677,0.017738887,-0.052312396,16.65130893,11.01312553,1.938310093,,,,,,,
0.25,0.29986575,0.043294143,111.9993528,118117.4912,17.76634646,5.175,12.59134646,0.790821939,0.016747281,-0.053045185,22.25527766,11.41854702,2.854636754,,,,,,,
0.32,0.310808254,0.026660024,93.0786583,121384.2765,14.05812971,5.2,8.858129714,0.791410173,0.016514549,-0.053108313,27.50004907,11.34020525,3.628865681,,,,,,,
0.385,0.317787057,0.018474136,79.1339606,122031.6806,11.73229429,5.325,6.407294293,0.803171736,0.016491696,-0.053036382,32.40911652,11.25966061,4.334969334,,,,,,,
0.443,0.321411317,0.013874517,69.0657897,121375.3898,10.22302001,5.45,4.77302001,0.815164977,0.016541608,-0.052936382,36.83762761,11.13434361,4.932514221,,,,,,,
0.492,0.323667743,0.011175,61.8907374,120113.2543,9.217287872,5.55,3.667287872,0.824804743,0.016617569,-0.052826998,40.39119521,10.96664826,5.395590943,,,,,,,
0.532,0.323784143,0.0094684,54.5032977,113974.5044,8.547636041,5.625,2.922636041,0.831364111,0.016877903,-0.052579568,41.48761069,10.35782693,5.510363929,,,,,,,
0.561,0.32314983,0.008380094,42.1629642,92775.35571,8.127970767,5.775,2.352970767,0.842805036,0.018166716,-0.051637599,35.89974027,8.401104983,4.713019896,,,,,,,
0.579,0.322364591,0.007464223,23.1254989,52440.24715,7.894615957,6.125,1.769615957,0.85850099,0.023318008,-0.047993844,21.21178952,4.589032514,2.657049826,,,,,,,
0.585,0.31989787,0.00620073,4.9189253,11254.64927,7.852469899,6.975,0.877469899,0.893102592,0.039002161,-0.043817102,4.796033914,0.875186766,0.511984258,,,,,,,
,,,,,,,,,,,,,,,,,,,,
Rotational speed [rpm],,,,,,,,,,,,,,,,,,,,
n,570,,,,,,,,,,,,,,,,,,,
Radius [m],Axial Adduction a,Tangential Adduction a´,Chord[mm],Reynolds,Flow Angle \phi [°],Angle of Attach \alpha [°],Pitch Angle \beta [°],C_L,C_D,C_M,Axial Force [N],Tangential Force [N],Torque [Nm],,,,,,,
0.1,0.201686263,0.185016442,112.6354112,66669.71065,38.30978888,6.5,31.80978888,0.938647473,0.021661024,-0.048722181,9.870110709,9.061312844,0.906131284,,,,,,,
0.176,0.266739188,0.075265445,123.5901531,100690.0015,24.43635554,5.25,19.18635554,0.800604596,0.017257093,-0.052535074,16.47265927,10.48785428,1.845862353,,,,,,,
0.25,0.300017713,0.04147373,107.9048021,115457.8603,17.49889136,5.175,12.32389136,0.79056725,0.016833539,-0.052978966,22.17983709,11.13133778,2.782834446,,,,,,,
0.32,0.310817526,0.025620602,89.9125057,119112.6997,13.83432162,5.2,8.634321616,0.790503125,0.016540274,-0.053050463,27.44901698,11.09253261,3.549610437,,,,,,,
0.385,0.318158871,0.017808027,76.3449687,119669.1544,11.53324956,5.35,6.183249561,0.805498465,0.016599648,-0.052945188,32.35850329,11.04147119,4.250966407,,,,,,,
0.443,0.321724657,0.013369314,66.6154881,119035.284,10.0477141,5.475,4.572714098,0.817454933,0.016652453,-0.052845188,36.7903698,10.91520287,4.835434873,,,,,,,
0.492,0.324392549,0.010785154,59.601112,117635.3271,9.052170588,5.6,3.452170588,0.82963941,0.016794157,-0.052717796,40.31218052,10.75750302,5.292691487,,,,,,,
0.532,0.324068103,0.009112633,52.4435915,111543.3241,8.399276354,5.65,2.749276354,0.83360298,0.017014462,-0.05247966,41.36660499,10.12283151,5.385346363,,,,,,,
0.561,0.323377994,0.008057727,40.4739244,90588.61541,7.987093585,5.8,2.187093585,0.844828738,0.018344872,-0.051505275,35.7128383,8.183044217,4.590687806,,,,,,,
0.579,0.32263992,0.007156107,22.1777854,51156.69449,7.757044816,6.15,1.607044816,0.859597354,0.023618601,-0.047787812,21.06490118,4.448149454,2.575478534,,,,,,,
0.585,0.319985686,0.005972873,4.7231591,10993.66609,7.717123507,6.95,0.767123507,0.892232093,0.038462122,-0.043827087,4.76223717,0.85204735,0.4984477,,,,,,,
,,,,,,,,,,,,,,,,,,,,
Rotational speed [rpm],,,,,,,,,,,,,,,,,,,,
n,580,,,,,,,,,,,,,,,,,,,
Radius [m],Axial Adduction a,Tangential Adduction a´,Chord[mm],Reynolds,Flow Angle \phi [°],Angle of Attach \alpha [°],Pitch Angle \beta [°],C_L,C_D,C_M,Axial Force [N],Tangential Force [N],Torque [Nm],,,,,,,
0.1,0.204397678,0.180918984,111.3417464,66389.43235,37.82778016,6.5,31.32778016,0.938449844,0.021697769,-0.048691666,9.885502673,8.985464438,0.898546444,,,,,,,
0.176,0.275328368,0.076058279,121.5522016,100339.021,23.79725223,5.475,18.32225223,0.825077878,0.017847413,-0.052269594,16.53854657,10.65794409,1.87579816,,,,,,,
0.25,0.301246595,0.04020811,104.7450784,113723.0887,17.20639669,5.2,12.00639669,0.792899198,0.016940516,-0.052901975,22.12079191,10.96170139,2.740425348,,,,,,,
0.32,0.312720505,0.024893354,86.8264421,116831.7581,13.57783328,5.275,8.302833276,0.798367575,0.016784681,-0.052927049,27.37043665,10.93646853,3.499669931,,,,,,,
0.385,0.319067395,0.017215805,73.6297638,117285.9619,11.33129945,5.4,5.93129945,0.810398357,0.016762478,-0.052859231,32.29360134,10.84706934,4.176121694,,,,,,,
0.443,0.321712087,0.012862552,64.3518031,116890.0893,9.882942979,5.475,4.407942979,0.817230454,0.016708928,-0.052778738,36.75611205,10.6856078,4.733724253,,,,,,,
0.492,0.324617228,0.010396488,57.6648887,115717.1398,8.899072605,5.6,3.299072605,0.829400713,0.016843461,-0.052659959,40.25656606,10.54394463,5.187620758,,,,,,,
0.532,0.324353906,0.008775061,50.4863056,109187.609,8.255755329,5.675,2.580755329,0.835812045,0.017150868,-0.052375151,41.24223587,9.894382631,5.263811559,,,,,,,
0.561,0.323434004,0.007752816,38.9789612,88717.38776,7.8528208,5.8,2.0528208,0.844360527,0.018457007,-0.051429717,35.52879007,7.973862342,4.473336774,,,,,,,
0.579,0.322901702,0.006865396,21.2769579,49909.77155,7.624152097,6.175,1.449152097,0.860867517,0.023929204,-0.047575478,20.91474727,4.312268817,2.496803645,,,,,,,
0.585,0.320152579,0.005762618,4.5410064,10749.54989,7.585359022,6.925,0.660359022,0.891307613,0.0379401,-0.043849862,4.727048185,0.830289908,0.485719596,,,,,,,
